{
  "tohokuSugi": {
    "title": "表東北地方　スギ林分密度管理図",
    "SDMD": {
      "V": [0.057326, -1.38938, 6475.4, -2.902205],
      "NRf": 5.33888,
      "DBH": [0.113656, 0.995045, -0.057512],
      "HF": [0.723894, 0.410411, 0.15519]
    }
  },
  "touhokuHokurikuSugi": {
    "title": "表東北・北陸地方　スギ林分密度管理図",
    "number": 2,
    "SDMD": {
      "V": [0.060047, -1.352337, 3747.3, -2.824828],
      "NRf": 5.29374,
      "DBH": [-0.382224, 0.986197, 0],
      "HF": [0.667196, 0.387485, 0.189979]
    }
  },
  "kitakanntouHigasitihouSugi": {
    "title": "北関東・東山地方　スギ林分密度管理図",
    "number": 3,
    "SDMD": {
      "V": [0.07156, -1.373859, 5062, -2.869785],
      "NRf": 5.370947,
      "DBH": [0.193943, 0.987164, -0.090657],
      "HF": [0.650787, 0.417356, 0.138768]
    }
  },
  "minamikantouToukaiSugi": {
    "title": "南関東・東海地方　スギ林分密度管理図",
    "number": 4,
    "SDMD": {
      "V": [0.082249, -1.372921, 3681.6, -2.867826],
      "NRf": 5.391307,
      "DBH": [-0.000379, 0.981298, -0.028497],
      "HF": [0.808545, 0.402345, 0.140882]
    }
  },
  "kitakinnkiTyuugokuSugi": {
    "title": "北近畿・中国地方　スギ林分密度管理図",
    "number": 5,
    "SDMD": {
      "V": [0.061977, -1.351766, 4725.2, -2.823636],
      "NRf": 5.32435,
      "DBH": [-0.32087, 0.9824, -0.04745],
      "HF": [1.23249, 0.35958, 0.1473]
    }
  },
  "minamikinkSikokuSugi": {
    "title": "南近畿・四国地方　スギ林分密度管理図",
    "number": 6,
    "SDMD": {
      "V": [0.074343, -1.388481, 5065.0, -2.900328],
      "NRf": 5.38221,
      "DBH": [-0.15213, 0.985016, -0.028142],
      "HF": [1.273477, 0.36758, 0.140427]
    }
  },
  "kyuusyuuSugi": {
    "title": "九州地方　スギ林分密度管理図",
    "number": 7,
    "SDMD": {
      "V": [0.068509, -1.347464, 2658.2, -2.814651],
      "NRf": 5.2083,
      "DBH": [-0.04894, 0.98937, -0.034814],
      "HF": [0.791213, 0.353895, 0.244012]
    }
  },
  "kanntouTyuugokuHinoki": {
    "title": "関東・中国地方ヒノキ林分密度管理図",
    "number": 8,
    "SDMD": {
      "V": [0.035147, -1.080773, 4711.2, -2.922894],
      "NRf": 5.7384,
      "DBH": [-0.115479, 0.984423, 0],
      "HF": [-0.052817, 0.472577, 0.123506]
    }
  },
  "kitakinkiTyuugokuHinoki": {
    "title": "北近畿・中国地方　ヒノキ林分密度管理図",
    "number": 9,
    "SDMD": {
      "V": [0.0390819, -1.147348, 8524.5, -3.102942],
      "NRf": 5.852583,
      "DBH": [-0.029001, 0.99178, -0.036553],
      "HF": [-0.089118, 0.463318, 0.178773]
    }
  },
  "minamikinkiSikokuHinoki": {
    "title": "南近畿・四国地方　ヒノキ林分密度管理図",
    "number": 10,
    "SDMD": {
      "V": [0.053887, -1.183794, 7663.1, -3.20151],
      "NRf": 5.992602,
      "DBH": [-0.241667, 0.992603, 0],
      "HF": [0.320738, 0.437334, 0.153257]
    }
  },
  "kyuusyuuHinoki": {
    "title": "九州地方　ヒノキ林分密度管理図",
    "number": 11,
    "SDMD": {
      "V": [0.0493263, -1.206227, 8676.3, -3.26218],
      "NRf": 5.9582,
      "DBH": [-0.046068, 0.991597, -0.02918],
      "HF": [0.0406256, 0.424739, 0.157447]
    }
  }
}
