{
  "SH_S": {
    "Optimal_solution": {
      "SEV": 4263392.0,
      "N": [1427.0, 713.5, 603.4, 450.0],
      "T": [39.0, 47.3, 52.3, 66.4],
      "Y": [41.4, 12.4, 24.1, 281.2],
      "Harvesting_profit_no_discount": [
        732922.6, 188842.3, 366833.5, 4275414.0
      ],
      "Message": "Tag: SH_S,  GPU_ID: 0 (Max number of grids: 112  Number of grids per warp: 32),  Max SEV series: [4.23968e+06, 4.22987e+06, 4.26204e+06, 4.26339e+06, 4.26092e+06, 4.2532e+06],  Time(sec):14.08"
    },
    "Stand_simulation": {
      "T": [
        10.0, 11.0, 12.0, 13.0, 14.0, 15.0, 16.0, 17.0, 18.0, 19.0, 20.0, 21.0,
        22.0, 23.0, 24.0, 25.0, 26.0, 27.0, 28.0, 29.0, 30.0, 31.0, 32.0, 33.0,
        34.0, 35.0, 36.0, 37.0, 38.0, 39.0, 39.0, 39.0, 40.0, 41.0, 42.0, 43.0,
        44.0, 45.0, 46.0, 47.0, 47.3, 47.3, 48.0, 49.0, 50.0, 51.0, 52.0, 52.3,
        52.3, 53.0, 54.0, 55.0, 56.0, 57.0, 58.0, 59.0, 60.0, 61.0, 62.0, 63.0,
        64.0, 65.0, 66.0, 66.4, 66.4
      ],
      "N_dash": [
        1427.0, 1427.0, 1427.0, 1427.0, 1427.0, 1427.0, 1427.0, 1427.0, 1427.0,
        1427.0, 1427.0, 1427.0, 1427.0, 1427.0, 1427.0, 1427.0, 1427.0, 1427.0,
        1427.0, 1427.0, 1427.0, 1427.0, 1427.0, 1427.0, 1427.0, 1427.0, 1427.0,
        1427.0, 1427.0, 1427.0, 1427.0, 713.5, 713.5, 713.5, 713.5, 713.5,
        713.5, 713.5, 713.5, 713.5, 713.5, 603.4, 603.4, 603.4, 603.4, 603.4,
        603.4, 603.4, 450.0, 450.0, 450.0, 450.0, 450.0, 450.0, 450.0, 450.0,
        450.0, 450.0, 450.0, 450.0, 450.0, 450.0, 450.0, 450.0, 0.0
      ],
      "H": [
        5.66, 6.14, 6.61, 7.08, 7.54, 7.98, 8.42, 8.85, 9.28, 9.69, 10.1, 10.51,
        10.9, 11.29, 11.68, 12.05, 12.43, 12.79, 13.15, 13.5, 13.85, 14.2,
        14.53, 14.87, 15.19, 15.52, 15.83, 16.15, 16.45, 16.76, 16.77, 16.77,
        17.06, 17.35, 17.64, 17.93, 18.21, 18.49, 18.76, 19.03, 19.09, 19.09,
        19.29, 19.55, 19.81, 20.07, 20.32, 20.38, 20.38, 20.56, 20.81, 21.05,
        21.28, 21.51, 21.74, 21.97, 22.19, 22.41, 22.63, 22.84, 23.05, 23.26,
        23.46, 23.54, 23.54
      ],
      "N": [
        1403.3, 1397.6, 1391.4, 1384.7, 1377.8, 1370.5, 1363.0, 1355.3, 1347.4,
        1339.4, 1331.3, 1323.1, 1314.8, 1306.6, 1298.3, 1290.0, 1281.7, 1273.5,
        1265.3, 1257.1, 1249.0, 1241.0, 1233.0, 1225.0, 1217.2, 1209.4, 1201.7,
        1194.1, 1186.5, 1179.1, 1178.7, 646.8, 644.5, 642.2, 639.9, 637.6,
        635.3, 633.1, 630.9, 628.7, 628.1, 541.6, 540.4, 538.8, 537.1, 535.5,
        533.9, 533.5, 410.6, 409.9, 409.0, 408.0, 407.1, 406.2, 405.3, 404.4,
        403.5, 402.6, 401.7, 400.9, 400.0, 399.2, 398.3, 398.0, 0.0
      ],
      "V": [
        35.5, 44.0, 53.3, 63.2, 73.6, 84.5, 95.7, 107.2, 119.0, 131.0, 143.1,
        155.4, 167.7, 180.1, 192.4, 204.8, 217.2, 229.5, 241.8, 253.9, 266.1,
        278.1, 290.0, 301.9, 313.6, 325.3, 336.8, 348.2, 359.5, 370.6, 371.1,
        299.7, 309.7, 320.2, 330.5, 340.8, 350.9, 361.0, 371.0, 380.9, 383.4,
        362.0, 369.2, 378.7, 388.2, 397.6, 406.9, 409.4, 367.7, 374.2, 383.0,
        391.7, 400.3, 408.9, 417.3, 425.7, 434.0, 442.2, 450.4, 458.4, 466.4,
        474.3, 482.1, 484.9, 0.0
      ],
      "D": [
        9.8, 10.6, 11.3, 12.0, 12.6, 13.2, 13.8, 14.3, 14.8, 15.3, 15.7, 16.1,
        16.5, 16.9, 17.3, 17.6, 17.9, 18.2, 18.5, 18.8, 19.1, 19.4, 19.6, 19.9,
        20.1, 20.4, 20.6, 20.8, 21.0, 21.3, 21.3, 26.2, 26.5, 26.8, 27.0, 27.3,
        27.5, 27.8, 28.0, 28.2, 28.3, 29.7, 29.9, 30.1, 30.3, 30.6, 30.8, 30.9,
        33.5, 33.7, 33.9, 34.2, 34.4, 34.6, 34.8, 35.0, 35.3, 35.5, 35.7, 35.9,
        36.0, 36.2, 36.4, 36.5, 0.0
      ],
      "Value_of_standing_trees_no_discount": [
        179023.0, 222234.7, 269012.0, 318894.8, 470869.2, 675907.6, 960376.9,
        1163104.1, 1290967.1, 1420951.4, 1552560.8, 1671657.9, 1755889.5,
        1836001.5, 1911995.6, 1983901.5, 2051773.6, 2156532.8, 2271771.0,
        2386392.2, 2500297.5, 2613405.0, 2725643.2, 2836951.5, 2947281.2,
        3056588.0, 3164836.0, 3271998.2, 3378049.8, 3482970.2, 3487322.5,
        2642241.0, 2730923.2, 2822826.0, 2914039.0, 3004527.2, 3094261.8,
        3183218.0, 3271372.8, 3358706.2, 3380473.0, 3191481.8, 3255107.0,
        3339360.0, 3422836.5, 3505524.5, 3587409.0, 3609428.2, 3242305.2,
        3299248.8, 3376734.0, 3453531.0, 3529628.5, 3605011.8, 3679675.0,
        3753609.5, 3826809.5, 3899267.0, 3970980.5, 4041944.8, 4112157.8,
        4181619.2, 4250326.5, 4275414.0, 0.0
      ]
    }
  }
}
