{
  "SH": {
    "YieldModelType": "S",
    "SAType": "2021",
    "SDMD": {
      "H": [72.7354082, -1, -0.00446473, 0.67571761],
      "V": [0.074343, -1.388481, 5065, -2.900328],
      "NRf": 5.38221,
      "DBH": [-0.15213, 0.985016, -0.028142],
      "HF": [1.273477, 0.36758, 0.140427]
    },
    "Density": { "Plant": [500, 5000], "MinimumAtClearcut": 450 },
    "RegenerationCost": [1120378, 375],
    "ThinningPercent": [10, 50],
    "AnnualInterestPercent": 0.8,
    "HarvestingAges": [10, 200, 5],
    "MaxNumOfHarvest": 10,
    "NumSearch": [3, 10000],
    "Thinning": {
      "YieldRate": 0.58,
      "Cost": 3503,
      "StumpHeight": 0.5,
      "LogLength": 4,
      "LoggingPitch": 4.1,
      "Diameter": [6, 8, 9, 12, 14, 15, 16, 18, 22, 24, 28],
      "Price": [
        9000, 9000, 9000, 9000, 9000, 12500, 12500, 13500, 13500, 14000, 14000
      ]
    },
    "Clearcut": {
      "YieldRate": 0.58,
      "Cost": 2198,
      "StumpHeight": 0.5,
      "LogLength": 4,
      "LoggingPitch": 4.1,
      "Diameter": [6, 8, 9, 12, 14, 15, 16, 18, 22, 24, 28],
      "Price": [
        9000, 9000, 9000, 9000, 9000, 12500, 12500, 13500, 13500, 14000, 14000
      ]
    },
    "SA": {
      "Comment": "Type L 1000 yen/ha degradation for SEV",
      "NumRepeat": 40,
      "NumTempLevel": 100,
      "MetaSearchPercentile": 0.75,
      "NumTotalLoopN": [1, 8],
      "NumTotalLoopPow": [3.55, 6.75],
      "StartTemp": [0, -0.6, 0.6, 5],
      "DiffTemp": [0, -3.8, 1.4, 5],
      "DistScale": [0, -1.2, 0.6, 5]
    }
  }
}
